box_id,seed_density,seed_soaking_time,biofertilizer,cocopeat,harvest_time,blackout_duration,nutrient_ec,nutrient_spray_start_day,media_thickness,seaweed
1,5,0,Water,100,10,2,0,4.5,4,Yes
2,5,0,Trichoderma,70,6,2,500,6,3,Yes
3,5,2,Water,70,10,3,500,3,2,Yes
4,10,1,Water,70,10,2,500,6,4,No
5,5,2,Trichoderma,100,6,2,500,3,4,No
6,10,0,Water,70,10,4,0,6,2,Yes
7,7.5,1,Water,85,8,3,250,4.5,3,No
8,10,2,Trichoderma,70,8,2,0,3,4,Yes
9,5,0,Water,100,8,4,500,6,2,No
10,10,2,Water,100,6,2,250,6,2,Yes
11,5,0,Trichoderma,70,10,4,250,3,4,No
12,5,1,Trichoderma,100,6,4,0,3,2,Yes
13,7.5,0,Water,70,6,2,0,3,2,No
14,10,0,Water,85,6,4,500,3,4,Yes
15,5,2,Trichoderma,85,10,2,0,6,2,No
16,10,0,Trichoderma,100,10,2,500,3,2,No
17,10,2,Water,100,10,4,0,3,3,No
18,7.5,2,Trichoderma,100,10,4,500,6,4,Yes
19,10,0,Trichoderma,100,6,3,0,6,4,No
20,5,2,Water,70,6,4,0,6,4,Yes
21,7.5,1,Trichoderma,85,8,3,250,4.5,3,Yes
22,10,2,Trichoderma,70,6,4,500,4.5,2,No
