box_id,day,top_file,top_exg_mean,top_exg_p90,top_exg_positive_pct,top_green_pct,side_mean_exg_mean,side_mean_exg_p90,side_mean_exg_positive_pct,side_mean_green_pct,seed_density,seed_soaking_time,biofertilizer,cocopeat,harvest_time,blackout_duration,nutrient_ec,nutrient_spray_start_day,media_thickness,seaweed,top_exg_mean_norm,top_exg_positive_pct_norm,top_green_pct_norm,visual_growth_index
1,1,1.5.jpg,-10.520483016967773,13.0,13.380833333333333,0.0016666666666666668,0.14032506942749023,23.5,28.25208333333333,1.3529166666666665,5.0,0,Water,100,10,2,0,4.5,4,Yes,0.005839216639038442,0.13478213425195587,1.7240338944885323e-05,6.328133193484193
1,2,1.5.jpg,-9.486651420593262,-2.0,0.12834821428571427,0.0,-9.784628868103027,-1.75,0.06556919642857142,0.0,5.0,0,Water,100,10,2,0,4.5,4,Yes,0.014422290835432283,0.0012928227874837847,0.0,0.7071801130312231
1,3,1.5.jpg,-4.737176418304443,0.0,5.284598214285714,0.0,-3.828602135181427,1.25,4.747767857142857,0.0,5.0,0,Water,100,10,2,0,4.5,4,Yes,0.05385337079228373,0.05323057303248453,0.0,4.818777472114571
1,4,1.5.jpg,85.33434295654297,169.0,79.22674418604652,68.88039867109634,19.028725147247314,72.0,30.0828488372093,21.998961794019934,5.0,0,Water,100,10,2,0,4.5,4,Yes,0.801644922614989,0.7980332319533477,0.7125128518491177,79.11064547406633
1,5,1.5.jpg,49.285457611083984,101.0,91.16333333333333,55.155,51.21547508239746,101.75,88.56500000000001,57.896249999999995,5.0,0,Water,100,10,2,0,4.5,4,Yes,0.5023599532810827,0.9182678183114508,0.57053453670309,69.6335950886949
1,6,1.5.jpg,92.18289947509766,149.0,96.51416666666667,84.0675,76.22457218170166,134.75,96.78020833333332,72.41395833333333,5.0,0,Water,100,10,2,0,4.5,4,Yes,0.8585029920946701,0.9721655628485255,0.869611316549488,91.07619813793868
1,7,1.5.jpg,109.2262191772461,158.0,99.2775,95.5875,87.50030422210693,144.25,98.20229166666667,79.08687499999999,5.0,0,Water,100,10,2,0,4.5,4,Yes,0.9999999999916978,0.9999999999899272,0.9887765393365355,99.88776539253847
1,8,1.5.jpg,32.51625061035156,72.0,63.583333333333336,53.75833333333333,45.978254318237305,89.25,71.09020833333332,61.06458333333333,5.0,0,Water,100,10,2,0,4.5,4,Yes,0.36313868319539516,0.6404606616070395,0.556087132667276,50.722841842782316
1,9,1.5.jpg,35.1639404296875,75.0,64.53166666666667,52.05,48.1943416595459,93.5,74.16666666666667,61.64479166666666,5.0,0,Water,100,10,2,0,4.5,4,Yes,0.38512032725434164,0.6500130106622009,0.5384157852487685,51.9651580587321
2,1,2.5.jpg,-6.021433353424072,15.0,21.211666666666666,0.0008333333333333334,-5.825272977352142,18.5,22.903750000000002,0.033541666666666664,5.0,0,Trichoderma,70,6,2,500,6.0,3,Yes,0.04319121595002446,0.21366036278565642,8.620169472442661e-06,11.558407244800364
2,2,2.5.jpg,-8.523560523986816,-2.0,0.003348214285714286,0.0,-8.54161262512207,-2.0,0.0873325892857143,0.0,5.0,0,Trichoderma,70,6,2,500,6.0,3,Yes,0.02241806176411464,3.3725811847403085e-05,0.0,1.0103304409182918
2,3,2.5.jpg,-5.272064685821533,-2.0,2.3046875,0.0,-3.100792407989502,1.75,5.015066964285714,0.00027901785714285713,5.0,0,Trichoderma,70,6,2,500,6.0,3,Yes,0.04941262270238241,0.02321460048829579,0.0,3.2682250435805194
2,4,2.5.jpg,17.870872497558594,108.0,28.12209302325581,20.485880398671096,8.218106389045715,19.5,14.167981727574752,6.531146179401993,5.0,0,Trichoderma,70,6,2,500,6.0,3,Yes,0.24154986020220814,0.2832675381931711,0.21191011299448329,25.735884057736897
2,5,2.5.jpg,26.78762435913086,67.0,72.23166666666667,32.85333333333333,49.95130157470703,103.5,87.43291666666666,54.212916666666665,5.0,0,Trichoderma,70,6,2,500,6.0,3,Yes,0.3155784960913584,0.7275733843614021,0.33984156128157944,50.34025023319002
2,6,2.5.jpg,42.28912353515625,102.0,85.80583333333334,37.655,75.25398349761963,139.25,93.86979166666666,66.63083333333333,5.0,0,Trichoderma,70,6,2,500,6.0,3,Yes,0.444275005319507,0.8643029219356756,0.3895109777817941,62.781116504301146
2,7,2.5.jpg,65.96912384033203,132.0,96.17333333333333,55.55583333333334,91.79794502258301,151.25,98.95187500000002,80.58416666666668,5.0,0,Trichoderma,70,6,2,500,6.0,3,Yes,0.640871046979202,0.9687324250949569,0.5746808382193349,78.1789646255305
2,8,2.5.jpg,23.191442489624023,69.0,42.120000000000005,34.020833333333336,29.52112340927124,72.0,56.009375,46.59437500000001,5.0,0,Trichoderma,70,6,2,500,6.0,3,Yes,0.28572228361154367,0.42426531691043523,0.35191841871247165,35.46862621061377
2,9,2.5.jpg,40.8532600402832,85.0,68.755,58.594166666666666,29.303420543670654,78.5,50.60041666666666,42.72687499999999,5.0,0,Trichoderma,70,6,2,500,6.0,3,Yes,0.4323541828609871,0.6925537004790354,0.6061099761158608,56.68195451145962
3,1,3.5.jpg,4.646733283996582,27.0,34.60583333333334,0.2075,-5.199197888374329,18.5,23.675,0.03083333333333333,5.0,2,Water,70,10,3,500,3.0,2,Yes,0.13176044338472617,0.34857680071501357,0.0021464221986382225,21.63664020647467
3,2,3.5.jpg,-5.630234241485596,-1.0,0.6941964285714286,0.0,-7.931791424751282,-1.75,0.2876674107142857,0.0,5.0,2,Water,70,10,3,500,3.0,2,Yes,0.046439028277589445,0.006992484989694906,0.0,2.404418097027796
3,3,3.5.jpg,-2.304877281188965,4.0,7.546875,0.013392857142857144,-2.2458398193120956,5.0,5.733816964285714,0.0036272321428571425,5.0,2,Water,70,10,3,500,3.0,2,Yes,0.0740467988466186,0.07601797990404655,0.00013853843794997135,6.754300428159432
3,4,3.5.jpg,59.7812385559082,161.0,60.760797342192696,38.44435215946844,15.383774757385254,65.0,24.10735049833887,11.856935215946844,5.0,2,Water,70,10,3,500,3.0,2,Yes,0.5894980006327413,0.6120298893664794,0.3976761970474619,58.045517020439554
3,5,3.5.jpg,38.47352600097656,86.0,84.085,47.641666666666666,41.72735404968262,87.25,83.27041666666668,46.23020833333333,5.0,2,Water,70,10,3,500,3.0,2,Yes,0.41259716063543145,0.8469693535710813,0.49281508873954694,61.608644026688545
3,6,3.5.jpg,71.79067993164062,138.0,93.17333333333333,64.93833333333333,67.5834550857544,125.25,94.67270833333333,63.65333333333333,5.0,2,Water,70,10,3,500,3.0,2,Yes,0.6892027559784203,0.9385140976796839,0.6717353263095668,79.96461167771037
3,7,3.5.jpg,85.92594146728516,148.0,98.71666666666667,70.76666666666667,85.9277458190918,142.25,98.08020833333333,79.00666666666666,5.0,2,Water,70,10,3,500,3.0,2,Yes,0.8065564903499887,0.9943508515592386,0.7320247915998308,88.36107830191354
3,8,3.5.jpg,33.95331573486328,78.0,66.09416666666667,46.229166666666664,27.498929023742676,72.5,50.419375,41.4225,5.0,2,Water,70,10,3,500,3.0,2,Yes,0.37506948182061517,0.6657517228576557,0.4782039014837566,51.61899322535975
3,9,3.5.jpg,43.43280792236328,100.0,62.30833333333333,54.336666666666666,45.18666648864746,93.5,69.02833333333334,61.42979166666666,5.0,2,Water,70,10,3,500,3.0,2,Yes,0.45377009909210936,0.6276178724555485,0.5620695302811513,54.28315402245612
4,1,4.5.jpg,-0.5523250102996826,16.0,23.2475,0.14083333333333334,-11.084270715713501,13.0,12.750416666666668,0.001875,10.0,1,Water,70,10,2,500,6.0,4,No,0.08859683410076657,0.23416685552885427,0.0014568086408428098,14.538934119741368
4,2,4.5.jpg,-9.876160621643066,-2.0,0.018973214285714284,0.0,-9.626439809799194,-2.0,0.232421875,0.0,10.0,1,Water,70,10,2,500,6.0,4,No,0.011188508481988454,0.00019111293380195079,0.0,0.5120829637105682
4,3,4.5.jpg,-4.323258876800537,0.0,3.042410714285714,0.0,-3.973434748011641,2.0,4.392299107142858,0.00027901785714285713,10.0,1,Water,70,10,2,500,6.0,4,No,0.05728979601122235,0.030645521032006934,0.0,3.9570892669453177
4,4,4.5.jpg,19.212209701538086,94.0,29.64950166112957,8.05232558139535,8.126987218856812,21.0,14.705564784053157,1.2045265780730896,10.0,1,Water,70,10,2,500,6.0,4,No,0.25268590671550206,0.29865278296523295,0.08329489339069596,25.643189969540032
4,5,4.5.jpg,35.56602478027344,81.0,82.88416666666667,37.487500000000004,43.63710689544678,93.75,87.45291666666665,51.968125,10.0,1,Water,70,10,2,500,6.0,4,No,0.38845851098406176,0.8348736286251345,0.38777832371783316,58.92772951959216
4,6,4.5.jpg,72.92192840576172,130.0,96.1075,73.25083333333333,74.80703258514404,138.0,95.87895833333333,68.62708333333333,10.0,1,Water,70,10,2,500,6.0,4,No,0.6985946043432688,0.9680693006877885,0.7577215167971824,82.5770908943694
4,7,4.5.jpg,97.81161499023438,154.0,98.28666666666666,85.76416666666667,86.5573616027832,141.75,98.58041666666666,79.22354166666668,10.0,1,Water,70,10,2,500,6.0,4,No,0.9052337005255531,0.9900195579630494,0.8871619815953814,94.15801644794092
4,8,4.5.jpg,31.322166442871094,78.0,52.52583333333334,44.0475,34.05429553985596,80.5,55.552708333333335,47.00458333333333,10.0,1,Water,70,10,2,500,6.0,4,No,0.3532251604880554,0.5290809431422453,0.4556362978049017,44.26013764141255
4,9,4.5.jpg,32.258941650390625,73.0,62.37916666666666,49.19083333333333,36.10281705856323,82.5,59.91291666666667,50.300625000000004,10.0,1,Water,70,10,2,500,6.0,4,No,0.36100245336600467,0.6283313607417423,0.5088399837888178,49.608421472736794
5,1,5.5.jpg,-3.914116621017456,1.0,0.04416666666666667,0.0,0.805416576564312,14.75,20.3525,3.0762499999999995,5.0,2,Trichoderma,100,6,2,500,3.0,4,No,0.06068657586451869,0.00044488093139152156,0.0,2.7509155558159595
5,2,5.5.jpg,-8.543716430664062,-2.0,0.08258928571428571,0.0,-10.628658056259155,-1.75,0.006696428571428572,0.0,5.0,2,Trichoderma,100,6,2,500,3.0,4,No,0.022250723444108677,0.0008319033589026094,0.0,1.0387182061355078
5,3,5.5.jpg,-4.918939590454102,-1.0,3.0703125,0.0,-6.636291742324829,-1.5,1.2879464285714286,0.0,5.0,2,Trichoderma,100,6,2,500,3.0,4,No,0.05234433702101633,0.030926569464068628,0.0,3.7471907918288236
5,4,5.5.jpg,56.22738265991211,157.0,55.99667774086379,39.68023255813954,14.091146230697632,52.0,26.745224252491695,14.15967607973422,5.0,2,Trichoderma,100,6,2,500,3.0,4,No,0.5599931867485501,0.5640419807136535,0.41046039522851974,54.68618648808437
5,5,5.5.jpg,28.055891036987305,70.0,49.26166666666666,40.144999999999996,30.926770210266113,78.5,57.124583333333334,39.52770833333334,5.0,2,Trichoderma,100,6,2,500,3.0,4,No,0.3261078966581722,0.4962017241184605,0.4152680441654527,41.156613376603
5,6,5.5.jpg,27.936567306518555,67.0,54.2775,44.380833333333335,37.724761962890625,84.75,69.75562500000001,44.348124999999996,5.0,2,Trichoderma,100,6,2,500,3.0,4,No,0.3251172474696628,0.5467250887608297,0.45908436559387883,43.82374878631095
5,7,5.5.jpg,41.664241790771484,77.0,74.86666666666667,57.095,53.69775199890137,106.5,81.57354166666666,58.51625,5.0,2,Trichoderma,100,6,2,500,3.0,4,No,0.43908711360209857,0.754115148607817,0.5906022912349365,59.600124711795566
5,8,5.5.jpg,30.554658889770508,70.0,59.73833333333334,47.49666666666666,25.781622409820557,66.0,54.79416666666667,39.644999999999996,5.0,2,Trichoderma,100,6,2,500,3.0,4,No,0.34685316112408104,0.6017308386364645,0.4913151792513419,47.59943178173797
5,9,5.5.jpg,33.0673828125,80.0,55.85666666666667,44.91,36.21383190155029,85.25,60.430416666666666,48.8125,5.0,2,Trichoderma,100,6,2,500,3.0,4,No,0.36771429164037867,0.562631680553036,0.4645581732088798,46.511150480792466
6,1,6.5.jpg,-2.472933292388916,2.0,0.8533333333333334,0.0008333333333333334,-3.051035463809967,1.5,0.48666666666666664,0.00020833333333333335,10.0,0,Water,70,10,4,0,6.0,2,Yes,0.0726515646340664,0.0085954353536777,8.620169472442661e-06,3.656201201143209
6,2,6.5.jpg,-10.626596450805664,-2.0,0.026785714285714288,0.0,-9.184852242469788,-1.75,0.08482142857142858,0.0,10.0,0,Water,70,10,4,0,6.0,2,Yes,0.004958241943489663,0.0002698064947792247,0.0,0.23526217972209992
6,3,6.5.jpg,-8.168917655944824,-2.0,1.7020089285714284,0.0,-4.964472711086273,-0.75,3.1685267857142856,0.0,10.0,0,Water,70,10,4,0,6.0,2,Yes,0.02536237693140195,0.01714395435576323,0.0,1.912784907922433
6,4,6.5.jpg,60.70685958862305,159.0,67.5299003322259,44.46345514950166,16.631295680999756,64.5,26.99626245847176,11.79671926910299,10.0,0,Water,70,10,4,0,6.0,2,Yes,0.5971826893474168,0.6802135461866554,0.4599390224628692,62.08222082366195
6,5,6.5.jpg,12.835016250610352,45.0,30.867499999999996,22.39666666666667,23.03313159942627,62.25,46.157916666666665,36.40979166666666,10.0,0,Water,70,10,4,0,6.0,2,Yes,0.19974118656376738,0.3109214071636481,0.23167567474136896,25.296573465147386
6,6,6.5.jpg,23.86858367919922,60.0,47.36666666666667,40.80833333333334,24.116443634033203,59.5,50.42104166666667,42.73708333333333,10.0,0,Water,70,10,4,0,6.0,2,Yes,0.29134404356929683,0.47711381396781294,0.4221296990655171,38.801900579825116
6,7,6.5.jpg,32.471317291259766,68.0,62.26666666666667,53.900000000000006,33.07881689071655,67.25,65.0275,55.26770833333333,10.0,0,Water,70,10,4,0,6.0,2,Yes,0.3627656379015508,0.6271981734636697,0.5575525614775914,50.123897126210835
6,8,6.5.jpg,38.83525848388672,85.0,61.969166666666666,51.76916666666666,32.886250019073486,78.0,59.048541666666665,47.095625,10.0,0,Water,70,10,4,0,6.0,2,Yes,0.4156003351862496,0.6242015226616551,0.5355107881365554,52.14619148452127
6,9,6.5.jpg,29.85723304748535,80.0,53.535,41.72,42.92408561706543,90.75,64.87958333333333,56.10041666666667,10.0,0,Water,70,10,4,0,6.0,2,Yes,0.3410629939713183,0.5392460527255496,0.43156016446836937,43.92950874604275
7,1,7.5.jpg,-2.637308359146118,2.0,0.6125,0.0016666666666666668,-1.4435833394527435,2.75,0.9910416666666668,0.0025,7.5,1,Water,85,8,3,250,4.5,3,No,0.071286890349626,0.006169575180618271,1.7240338944885323e-05,3.4857133522504413
7,2,7.5.jpg,-6.7940850257873535,-2.0,0.06696428571428571,0.0,-9.47043251991272,-2.25,0.047154017857142856,0.0,7.5,1,Water,85,8,3,250,4.5,3,No,0.036776509091462316,0.0006745162369480617,0.0,1.6852961397784674
7,3,7.5.jpg,-1.2643526792526245,2.0,3.1841517857142856,0.0011160714285714285,-5.265348747372627,0.25,3.654296875,0.0,7.5,1,Water,85,8,3,250,4.5,3,No,0.08268543969771279,0.032073247066880334,1.1544869829164278e-05,5.164256353104982
7,4,7.5.jpg,61.19892883300781,164.0,54.78156146179401,44.98920265780731,13.561902284622192,58.0,23.6875,15.589908637873753,7.5,1,Water,85,8,3,250,4.5,3,No,0.6012679454463103,0.5518023868574673,0.4653774616084402,56.5419395697544
7,5,7.5.jpg,24.957683563232422,65.0,47.92333333333333,37.594166666666666,16.70975637435913,53.25,35.49729166666666,26.625625,7.5,1,Water,85,8,3,250,4.5,3,No,0.3003859660107489,0.4827209924993136,0.38888170541030576,39.12863018705587
7,6,7.5.jpg,14.474949836730957,53.0,33.623333333333335,26.32,14.060268878936768,53.75,31.033749999999998,25.3625,7.5,1,Water,85,8,3,250,4.5,3,No,0.21335623924371314,0.33868029848651154,0.272259432617629,27.564238524036398
7,7,7.5.jpg,26.47690773010254,69.0,51.086666666666666,44.61333333333333,24.106868743896484,63.5,51.14791666666667,42.593333333333334,7.5,1,Water,85,8,3,250,4.5,3,No,0.3129988652401096,0.5145845399627517,0.4614893928766903,41.85614716289566
7,8,7.5.jpg,25.743133544921875,71.0,49.163333333333334,38.4375,38.112735748291016,85.0,59.641041666666666,50.20458333333333,7.5,1,Water,85,8,3,250,4.5,3,No,0.3069069269622602,0.49521123449762655,0.39760531691641776,40.071370434859084
7,9,7.5.jpg,22.37000846862793,67.0,47.520833333333336,36.28,28.06171417236328,75.5,51.319166666666675,39.238958333333336,7.5,1,Water,85,8,3,250,4.5,3,No,0.2789025760553262,0.47866670023776453,0.3752876981522637,37.84349441471172
8,1,8.5.jpg,-3.2556416988372803,2.0,0.05083333333333333,0.0,-2.4662646055221558,2.5,0.8620833333333334,0.00125,10.0,2,Trichoderma,70,8,2,0,3.0,4,Yes,0.06615336478193705,0.0005120327700921286,0.0,2.999942889841313
8,2,8.5.jpg,-9.748661041259766,-3.0,0.0,0.0,-9.127583622932434,-2.0,0.024274553571428572,0.0,10.0,2,Trichoderma,70,8,2,0,3.0,4,Yes,0.012247035192021914,0.0,0.0,0.5511165836409861
8,3,8.5.jpg,-6.929944038391113,0.0,0.4464285714285714,0.0,-4.507859863340855,1.75,1.9070870535714284,0.0,10.0,2,Trichoderma,70,8,2,0,3.0,4,Yes,0.03564858072332561,0.004496774912987078,0.0,1.8065410036340708
8,4,8.5.jpg,37.81632995605469,136.0,45.66445182724252,30.371262458471758,11.227049589157104,39.25,21.798172757475083,10.81312292358804,10.0,2,Trichoderma,70,8,2,0,3.0,4,Yes,0.40714098920971536,0.45996778551819445,0.3141665153808745,42.161560016564685
8,5,8.5.jpg,24.943567276000977,72.0,42.8475,34.01166666666667,23.18775224685669,67.0,42.28708333333334,35.39645833333333,10.0,2,Trichoderma,70,8,2,0,3.0,4,Yes,0.3002687698048001,0.4315932613086389,0.3518235968482748,36.4520273685875
8,6,8.5.jpg,22.38865089416504,64.0,42.719166666666666,39.50333333333334,25.88360023498535,65.5,49.691875,43.064166666666665,10.0,2,Trichoderma,70,8,2,0,3.0,4,Yes,0.27905734915584557,0.43030058841365226,0.4086305136716719,36.00741232734413
8,7,8.5.jpg,39.12047576904297,78.0,65.88916666666667,57.41833333333334,45.03262710571289,78.25,78.22187500000001,66.96479166666666,10.0,2,Trichoderma,70,8,2,0,3.0,4,Yes,0.41796826544604726,0.663686803817612,0.5939469169902443,54.613947286767115
8,8,8.5.jpg,18.5887508392334,58.0,43.39416666666666,32.5575,22.01206636428833,66.0,44.83208333333333,33.223749999999995,10.0,2,Trichoderma,70,8,2,0,3.0,4,Yes,0.2475098280462814,0.4370997120820887,0.3367814011188623,34.17524331696528
8,9,8.5.jpg,23.615741729736328,76.0,40.75833333333333,33.461666666666666,22.464572429656982,65.79999923706055,47.004374999999996,35.656666666666666,10.0,2,Trichoderma,70,8,2,0,3.0,4,Yes,0.28924489974373446,0.41054955385583625,0.3461342849964626,34.95209326194531
9,1,9.5.jpg,-3.3705666065216064,1.0,0.15083333333333332,0.0016666666666666668,-3.2290833592414856,1.5,0.07479166666666667,0.0004166666666666667,5.0,0,Water,100,8,4,500,6.0,2,No,0.06519923548938354,0.0015193103506012339,1.7240338944885323e-05,3.002506966188764
9,2,9.5.jpg,-6.969799041748047,-2.0,0.08035714285714285,0.0,-8.490945816040039,-1.5,0.09207589285714288,0.0,5.0,0,Water,100,8,4,500,6.0,2,No,0.03531769661017826,0.0008094194843376739,0.0,1.625720224253217
9,3,9.5.jpg,-2.735290288925171,1.0,2.410714285714286,0.0,-3.89694482088089,1.0,3.8462611607142856,0.0,5.0,0,Water,100,8,4,500,6.0,2,No,0.0704734250075445,0.024282584530130224,0.0,4.264020429195363
9,4,9.5.jpg,55.276161193847656,150.0,57.90614617940199,37.970099667774086,15.09152626991272,62.75,24.40406976744186,14.138496677740862,5.0,0,Water,100,8,4,500,6.0,2,No,0.5520959581776058,0.5832756282019462,0.3927704328261017,55.019425715340866
9,5,9.5.jpg,22.726449966430664,65.0,45.440000000000005,32.48166666666666,21.67963981628418,61.0,45.463125000000005,33.31645833333333,5.0,0,Water,100,8,4,500,6.0,2,No,0.28186182380229324,0.45770693258333756,0.33599696569687,36.64056369432208
9,6,9.5.jpg,18.986858367919922,57.0,42.50416666666666,34.483333333333334,22.325477123260498,61.5,44.632083333333334,38.69875,5.0,0,Water,100,8,4,500,6.0,2,No,0.2508149954147796,0.42813494161555765,0.3567026127696773,34.11977329406194
9,7,9.5.jpg,32.142826080322266,66.0,64.9675,54.03083333333333,38.31269073486328,73.75,69.86270833333333,58.895625,5.0,0,Water,100,8,4,500,6.0,2,No,0.3600384389590661,0.6544030621172531,0.5589059280847647,51.238926829282015
9,8,9.5.jpg,25.016307830810547,70.0,47.461666666666666,35.065000000000005,34.437865257263184,80.5,60.20458333333333,45.993125000000006,5.0,0,Water,100,8,4,500,6.0,2,No,0.300872676264234,0.4780707276692966,0.36271949106144236,38.679648087623306
9,9,9.5.jpg,30.25342559814453,80.0,53.5525,43.895,41.50596904754639,90.25,66.58083333333333,52.39479166666667,5.0,0,Water,100,8,4,500,6.0,2,No,0.3443522628138372,0.5394223263021387,0.4540588067914448,44.310444578133364
10,1,10.5.jpg,-2.4946582317352295,2.0,0.5366666666666666,0.0,-2.813066601753235,1.5,0.3827083333333334,0.00020833333333333335,10.0,2,Water,100,6,2,250,6.0,2,Yes,0.07247119989480376,0.005405723015398866,0.0,3.5044615309591185
10,2,10.5.jpg,-9.895345687866211,-2.0,0.0078125,0.0,-8.107469081878662,-1.75,0.07840401785714285,0.0,10.0,2,Water,100,6,2,250,6.0,2,Yes,0.011029230271268797,7.869356097727386e-05,0.0,0.4998565724510732
10,3,10.5.jpg,-3.1690402030944824,2.0,1.8292410714285716,0.0,-3.1806305646896362,1.0,2.304966517857143,0.0,10.0,2,Water,100,6,2,250,6.0,2,Yes,0.06687234751189595,0.018425535205964554,0.0,3.838404722303723
10,4,10.5.jpg,47.77693557739258,140.0,59.45348837209302,40.769102990033225,15.49740219116211,60.5,26.168397009966778,12.92296511627907,10.0,2,Water,100,6,2,250,6.0,2,Yes,0.4898359052760942,0.5988616592026809,0.4217238924162663,53.208629325707534
10,5,10.5.jpg,25.33671760559082,67.0,49.04666666666667,36.87833333333334,20.6600022315979,64.0,39.11875,31.286250000000003,10.0,2,Water,100,6,2,250,6.0,2,Yes,0.30353278152686386,0.4940360773203659,0.38147697983347756,39.70536844646011
10,6,10.5.jpg,21.351482391357422,64.0,40.891666666666666,35.46083333333333,19.05293345451355,57.25,41.74583333333334,34.065,10.0,2,Water,100,6,2,250,6.0,2,Yes,0.2704465713028773,0.41189259062984834,0.36681407156085255,34.373403002581185
10,7,10.5.jpg,39.74803161621094,79.0,69.64916666666666,58.935833333333335,35.22703742980957,70.5,67.77270833333334,58.64020833333334,10.0,2,Water,100,6,2,250,6.0,2,Yes,0.4231783580931598,0.7015604408447543,0.6096442455995623,56.70968840820175
10,8,10.5.jpg,20.784408569335938,56.0,47.1575,35.355,24.07019805908203,67.0,49.090625,36.39041666666667,10.0,2,Water,100,6,2,250,6.0,2,Yes,0.2657386123796719,0.4750069250285814,0.3657193100378523,36.990742283749924
10,9,10.5.jpg,25.192033767700195,70.0,48.21083333333333,37.755833333333335,28.166364192962646,78.0,52.17833333333333,41.420208333333335,10.0,2,Water,100,6,2,250,6.0,2,Yes,0.3023315877154258,0.4856169155432773,0.39055401828795966,39.36322282952124
11,1,11.5.jpg,-3.824958324432373,1.0,0.2683333333333333,0.0,-3.4949541687965393,1.5,0.31583333333333335,0.0004166666666666667,5.0,0,Trichoderma,70,10,4,250,3.0,4,No,0.06142678566028957,0.002702861507699433,0.0,2.885834122559505
11,2,11.5.jpg,-11.15352725982666,-2.0,0.0011160714285714285,0.0,-10.232290744781494,-1.75,0.008370535714285714,0.0,5.0,0,Trichoderma,70,10,4,250,3.0,4,No,0.0005835582464026247,1.1241937282467695e-05,0.0,0.026766008265829158
11,3,11.5.jpg,-5.82285737991333,-1.0,1.7935267857142858,0.0,-4.914695858955383,0.25,2.023158482142857,0.0,5.0,0,Trichoderma,70,10,4,250,3.0,4,No,0.04483983292037135,0.018065793212925587,0.0,2.830753175998362
11,4,11.5.jpg,19.388803482055664,110.0,35.495847176079735,15.049003322259136,8.75857949256897,23.25,16.715739202657808,2.879775747508306,5.0,0,Trichoderma,70,10,4,250,3.0,4,No,0.2541520231759773,0.3575417106164256,0.15566995083507165,29.08291752900885
11,5,11.5.jpg,18.97027587890625,58.0,39.138333333333335,28.214166666666667,24.933441638946533,70.25,45.053749999999994,34.13458333333334,5.0,0,Trichoderma,70,10,4,250,3.0,4,No,0.2506773243143176,0.39423165705158875,0.2918530778284912,31.9394349397507
11,6,11.5.jpg,27.480009078979492,70.0,47.26083333333334,43.1925,25.407702445983887,67.0,46.59833333333333,41.348958333333336,5.0,0,Trichoderma,70,10,4,250,3.0,4,No,0.32132681084953624,0.4760477785284408,0.4467920039261756,40.34977656127073
11,7,11.5.jpg,45.82255935668945,83.0,73.67666666666666,62.4375,43.82784843444824,80.25,74.29729166666667,63.654375,5.0,0,Trichoderma,70,10,4,250,3.0,4,No,0.47361028771053665,0.7421285453997586,0.6458661977227663,61.166909467190955
11,8,11.5.jpg,39.445533752441406,87.0,70.52166666666668,49.22416666666667,28.140885829925537,66.0,57.44020833333334,44.56166666666667,5.0,0,Trichoderma,70,10,4,250,3.0,4,No,0.420666961055103,0.7103489377346964,0.5091847905677156,55.98756335121814
11,9,11.5.jpg,41.83059310913086,82.0,72.78583333333334,59.93000000000001,21.834482669830322,60.5,50.19625,38.65958333333333,5.0,0,Trichoderma,70,10,4,250,3.0,4,No,0.440468195117844,0.7331553809533901,0.6199281077801865,59.0123420010074
12,1,12.5.jpg,-2.705091714859009,1.0,0.0925,0.0033333333333333335,-3.0200791358947754,0.75,0.02625,0.000625,5.0,1,Trichoderma,100,6,4,0,3.0,2,Yes,0.07072413953662654,0.0009317317619709225,3.4480677889770646e-05,3.224859015215784
12,2,12.5.jpg,-7.139799118041992,-2.0,0.10044642857142856,0.0,-9.438328623771667,-2.75,0.03431919642857143,0.0,5.0,1,Trichoderma,100,6,4,0,3.0,2,Yes,0.0339063223850719,0.0010117743554220924,0.0,1.5713143533222296
12,3,12.5.jpg,-2.2294418811798096,3.0,5.534598214285714,0.0,-2.5737276822328568,1.5,4.185267857142858,0.0,5.0,1,Trichoderma,100,6,4,0,3.0,2,Yes,0.07467307844339606,0.055748766983757296,0.0,5.868983044221901
12,4,12.5.jpg,85.40080261230469,175.0,73.86544850498339,63.66112956810631,19.256723880767822,70.75,30.171926910299,19.755606312292358,5.0,1,Trichoderma,100,6,4,0,3.0,2,Yes,0.8021966838094331,0.7440301025331959,0.6585236708210482,76.1654420936288
12,5,12.5.jpg,10.243432998657227,37.0,25.499166666666667,13.693333333333332,15.138304233551025,51.75,35.022708333333334,23.813125,5.0,1,Trichoderma,100,6,4,0,3.0,2,Yes,0.17822535031379136,0.25684738904998433,0.1416466247711778,20.994739519081683
12,6,12.5.jpg,7.40036678314209,36.0,25.2875,18.860833333333332,15.853281021118164,53.25,36.856875,29.295416666666668,5.0,1,Trichoderma,100,6,4,0,3.0,2,Yes,0.15462165280773524,0.25471531817124005,0.19510029566979473,20.371166650751835
12,7,12.5.jpg,19.537582397460938,53.0,50.22333333333333,38.84166666666667,30.910850524902344,66.5,61.66104166666666,50.28916666666667,5.0,1,Trichoderma,100,6,4,0,3.0,2,Yes,0.2553872151301221,0.5058883768510231,0.40178609911055246,38.27526263025705
12,8,12.5.jpg,18.362449645996094,41.0,56.65916666666667,37.33833333333333,26.35655403137207,71.25,51.445,41.426875,5.0,1,Trichoderma,100,6,4,0,3.0,2,Yes,0.24563103082331028,0.5707150831366216,0.38623531338226585,40.59792826201959
12,9,12.5.jpg,23.73259925842285,68.0,45.634166666666665,38.47666666666667,33.93466854095459,84.0,59.01958333333333,46.534375,5.0,1,Trichoderma,100,6,4,0,3.0,2,Yes,0.2902150740377307,0.45966272988549267,0.39801046488162256,37.72460582536127
13,1,13.5.jpg,-2.634974956512451,1.0,0.5533333333333333,0.0008333333333333334,-2.431239604949951,1.5,0.16333333333333333,0.0,7.5,0,Water,70,6,2,0,3.0,2,No,0.07130626271936694,0.005573602612150384,8.620169472442661e-06,3.4596801416130036
13,2,13.5.jpg,-9.336395263671875,-2.0,0.08705357142857142,0.0,-9.629520177841187,-1.75,0.0,0.0,7.5,0,Water,70,6,2,0,3.0,2,No,0.015669747140544157,0.0008768711080324802,0.0,0.7445978211859487
13,3,13.5.jpg,-2.0611495971679688,3.0,4.193080357142858,0.005580357142857143,-5.512246131896973,-0.25,0.41713169642857145,0.0,7.5,0,Water,70,6,2,0,3.0,2,No,0.07607027423951966,0.042235958370231134,5.772434914582139e-05,5.324357710930245
13,4,13.5.jpg,31.29187774658203,116.0,44.68604651162791,14.875415282392026,11.366933345794678,42.5,20.47549833887043,5.1245847176079735,7.5,0,Water,70,6,2,0,3.0,2,No,0.35297369774647086,0.4501125281274991,0.15387432084861932,37.677623372814836
13,5,13.5.jpg,26.38409996032715,71.0,46.79833333333333,34.6175,20.860279321670532,62.0,41.06604166666667,30.175624999999997,7.5,0,Water,70,6,2,0,3.0,2,No,0.3122283567967834,0.47138911971858616,0.3580904600547406,38.843691043739035
13,6,13.5.jpg,24.44540786743164,62.0,46.989999999999995,42.219166666666666,13.097795963287354,45.5,31.977708333333332,24.710208333333334,7.5,0,Water,70,6,2,0,3.0,2,No,0.2961329519594405,0.4733197350812286,0.4367236459823625,38.99260737665374
13,7,13.5.jpg,44.56880187988281,80.0,75.50166666666667,66.3625,26.952091217041016,63.25,55.809375,43.16833333333334,7.5,0,Water,70,6,2,0,3.0,2,No,0.46320134539783075,0.7605113612440497,0.6864671959379712,61.93174375826433
13,8,13.5.jpg,25.995107650756836,72.0,44.17,41.69,23.76767110824585,63.25,48.229375,39.12104166666666,7.5,0,Water,70,6,2,0,3.0,2,No,0.30899886577853913,0.4449145073108719,0.4312498383673614,38.23860017269711
13,9,13.5.jpg,24.2495174407959,64.0,56.92166666666667,38.73666666666667,25.234679698944092,70.0,51.49375,39.82833333333333,7.5,0,Water,70,6,2,0,3.0,2,No,0.2945066309299092,0.5733591867854579,0.4006999577570247,43.06096137476176
14,1,14.5.jpg,-2.1548917293548584,2.0,0.0825,0.0008333333333333334,-2.485624998807907,1.75,0.244375,0.00125,10.0,0,Water,85,6,4,500,3.0,4,Yes,0.07529200853482479,0.000831004003920012,8.620169472442661e-06,3.425621765938241
14,2,14.5.jpg,-11.223816871643066,-2.0,0.036830357142857144,0.0,-8.498925805091858,-1.0,0.09737723214285714,0.0,10.0,0,Water,85,6,4,500,3.0,4,Yes,0.0,0.00037098393032143395,0.0,0.01669427686446453
14,3,14.5.jpg,-4.824140548706055,0.0,3.725446428571429,0.0,-3.8617048263549805,0.75,3.813895089285714,0.0005580357142857143,10.0,0,Water,85,6,4,500,3.0,4,Yes,0.05313137739773138,0.03752558664887717,0.0,4.079563382097385
14,4,14.5.jpg,4.400315761566162,22.0,30.499169435215943,0.7009966777408638,3.9767110347747803,8.25,5.873338870431894,0.045058139534883725,10.0,0,Water,85,6,4,500,3.0,4,Yes,0.12971463642184278,0.30721129596241575,0.007251252194094624,19.73417947923258
14,5,14.5.jpg,14.144267082214355,50.0,33.1025,22.118333333333336,13.082037448883057,47.0,31.572708333333335,19.86041666666667,10.0,0,Water,85,6,4,500,3.0,4,Yes,0.2106108456733896,0.33343406108802665,0.22879653813757314,26.769986185639468
14,6,14.5.jpg,12.514824867248535,48.0,32.3425,22.481666666666666,17.965343952178955,54.75,39.883541666666666,32.07833333333333,10.0,0,Water,85,6,4,500,3.0,4,Yes,0.19708289442984725,0.3257787514761574,0.2325549320275581,25.85432338604579
14,7,14.5.jpg,23.98138427734375,60.0,56.90666666666667,45.07833333333333,34.69286870956421,71.25,65.05,52.95,10.0,0,Water,85,6,4,500,3.0,4,Yes,0.2922805364242912,0.5732080951483817,0.4662994474423133,43.60998289519341
14,8,14.5.jpg,43.00456619262695,89.0,67.88666666666666,55.19583333333333,37.7074499130249,85.0,61.19104166666667,51.00958333333334,10.0,0,Water,85,6,4,500,3.0,4,Yes,0.4502147516320309,0.6838071734882812,0.5709569250072396,56.74055588048644
14,9,14.5.jpg,32.87803268432617,82.0,55.82749999999999,47.78,34.636966705322266,82.5,60.46604166666667,48.845625000000005,10.0,0,Water,85,6,4,500,3.0,4,Yes,0.3661422694610295,0.5623378912587208,0.49424603687197244,46.72406760110849
15,1,15.5.jpg,-3.0920751094818115,1.0,0.16916666666666666,0.0,-2.6809916496276855,1.25,0.12770833333333334,0.000625,5.0,2,Trichoderma,85,10,2,0,6.0,2,No,0.06751132692723455,0.0017039779070279033,0.0,3.1146887175418105
15,2,15.5.jpg,-9.488973617553711,-1.0,0.0,0.0,-11.33078145980835,-2.5,0.015904017857142856,0.0,5.0,2,Trichoderma,85,10,2,0,6.0,2,No,0.014403011497404628,0.0,0.0,0.6481355173832083
15,3,15.5.jpg,-7.576584815979004,-2.0,0.14620535714285715,0.0,-6.580920696258545,-1.25,1.7073102678571428,0.0,5.0,2,Trichoderma,85,10,2,0,6.0,2,No,0.030280041212718413,0.001472693784003268,0.0,1.4288730748524758
15,4,15.5.jpg,47.18606185913086,152.0,51.607973421926914,34.145348837209305,13.431623697280884,50.25,23.325373754152825,11.913413621262459,5.0,2,Trichoderma,85,10,2,0,6.0,2,No,0.4849303549114851,0.5198355460341676,0.3532064324069006,48.746529866623376
15,5,15.5.jpg,26.579750061035156,69.0,50.3625,33.33083333333333,15.641971111297607,49.25,38.248125,26.836041666666667,5.0,2,Trichoderma,85,10,2,0,6.0,2,No,0.31385268259297466,0.5072901714838982,0.3447809183892891,40.39923761735217
15,6,15.5.jpg,14.950191497802734,52.0,34.53916666666667,28.460833333333333,11.3891122341156,41.77499961853027,32.856458333333336,24.724583333333335,5.0,2,Trichoderma,85,10,2,0,6.0,2,No,0.21730178942084166,0.34790528232800744,0.2944046479923342,28.37836470862155
15,7,15.5.jpg,24.460100173950195,57.0,55.339166666666664,49.305,23.64370584487915,59.5,55.739999999999995,45.968125,5.0,2,Trichoderma,85,10,2,0,6.0,2,No,0.29625493039133133,0.5574190190739013,0.5100209470065424,43.51553719600089
15,8,15.5.jpg,26.588516235351562,55.0,69.60333333333332,44.20333333333333,36.82175827026367,82.25,64.07354166666667,48.659375000000004,5.0,2,Trichoderma,85,10,2,0,6.0,2,No,0.31392546110433,0.7010987719536876,0.4572482694962485,50.248573182573274
15,9,15.5.jpg,21.422290802001953,62.0,48.12166666666667,39.89666666666667,44.56795883178711,95.75,66.659375,55.99604166666667,5.0,2,Trichoderma,85,10,2,0,6.0,2,No,0.2710344367196647,0.4847187597006567,0.41269923366266487,38.13588617554112
16,1,16.5.jpg,-2.4645583629608154,1.0,0.2116666666666667,0.0008333333333333334,-2.186833307147026,2.5,0.17854166666666668,0.00020833333333333335,10.0,0,Trichoderma,100,10,2,500,3.0,2,No,0.07272109495304971,0.0021320708787442733,8.620169472442661e-06,3.3684786641254543
16,2,16.5.jpg,-7.490870475769043,-2.0,0.20758928571428573,0.0,-8.292834877967834,-1.75,0.15122767857142858,0.0,10.0,0,Trichoderma,100,10,2,500,3.0,2,No,0.030991658602143344,0.0020910003345389915,0.0,1.4887196521507051
16,3,16.5.jpg,-1.7591183185577393,3.0,6.549107142857142,0.0,-4.628911852836609,0.25,3.856584821428571,0.0,10.0,0,Trichoderma,100,10,2,500,3.0,2,No,0.07857779759538758,0.06596768797352043,0.0,6.50454685060086
16,4,16.5.jpg,34.669925689697266,147.0,40.87541528239203,23.419435215946844,11.44669222831726,35.0,18.244186046511626,7.723006644518273,10.0,0,Trichoderma,100,10,2,500,3.0,2,No,0.38101891926650494,0.4117288940795275,0.2422554006124243,38.09620560669571
16,5,16.5.jpg,15.567466735839844,50.0,35.3675,27.1375,24.609968662261963,69.5,46.72895833333334,35.287708333333335,10.0,0,Trichoderma,100,10,2,500,3.0,2,No,0.22242653041951965,0.35624889828655787,0.2807158188700952,28.84755248047444
16,6,16.5.jpg,14.12114143371582,52.0,34.83083333333333,28.372500000000002,20.566324949264526,58.5,43.60395833333333,36.26020833333334,10.0,0,Trichoderma,100,10,2,500,3.0,2,No,0.21041885196996757,0.350843175271159,0.2934909100282553,28.191700326133244
16,7,16.5.jpg,29.171483993530273,65.0,62.16416666666667,52.22,45.59023857116699,78.5,78.93604166666667,66.719375,10.0,0,Trichoderma,100,10,2,500,3.0,2,No,0.33536976982258454,0.6261657139436478,0.5401742998211468,48.67083976769193
16,8,16.5.jpg,37.059574127197266,86.0,65.13,48.04083333333333,29.265292167663574,71.75,57.822916666666664,42.9875,10.0,0,Trichoderma,100,10,2,500,3.0,2,No,0.4008582527849294,0.6560398881855803,0.49694414991684693,52.52985784284141
16,9,16.5.jpg,29.928382873535156,85.0,51.56666666666667,44.3,25.085826873779297,67.25,51.596041666666665,41.811458333333334,10.0,0,Trichoderma,100,10,2,500,3.0,2,No,0.3416536938862634,0.5194194723491954,0.4582482091550518,43.33077457214617
17,1,17.5.jpg,-3.222808361053467,1.0,0.06833333333333333,0.0,-2.5432416796684265,1.25,0.175625,0.00020833333333333335,10.0,2,Water,100,10,4,0,3.0,3,No,0.06642595364002768,0.000688306346681222,0.0,3.0201416994019006
17,2,17.5.jpg,-7.467131614685059,-1.0,0.032366071428571425,0.0,-5.696185827255249,-0.5,0.0033482142857142855,0.0,10.0,2,Water,100,10,4,0,3.0,3,No,0.031188743317619495,0.0003260161811915631,0.0,1.4181641774464977
17,3,17.5.jpg,-3.388035774230957,0.0,3.3046875000000004,0.0,-5.1399441957473755,-0.75,0.029296875,0.0,10.0,2,Water,100,10,4,0,3.0,3,No,0.06505420300718391,0.03328737629338685,0.0,4.425371068525684
17,4,17.5.jpg,81.60149383544922,167.0,72.17940199335548,63.61461794019934,18.18278455734253,73.25,26.451411960132887,19.46532392026578,10.0,2,Water,100,10,4,0,3.0,3,No,0.7706540716072928,0.7270469340246122,0.6580425450830515,73.97697070426624
17,5,17.5.jpg,13.243358612060547,48.0,33.36833333333333,21.6925,16.10280203819275,51.25,38.187083333333334,27.489791666666665,10.0,2,Water,100,10,4,0,3.0,3,No,0.2031313255362544,0.3361117406562133,0.22439163153715488,26.509854294032596
17,6,17.5.jpg,13.516942024230957,46.0,35.362500000000004,26.270833333333332,14.222198009490967,49.25,34.79041666666667,26.695,10.0,2,Water,100,10,4,0,3.0,3,No,0.2054026690836909,0.35619853440753246,0.2717508426187549,27.9895625832926
17,7,17.5.jpg,24.38604164123535,60.0,54.900000000000006,47.744166666666665,27.318175315856934,65.25,56.741875,48.520833333333336,10.0,2,Water,100,10,4,0,3.0,3,No,0.2956400818188978,0.552995391699499,0.49387536958465733,43.127350004174424
17,8,17.5.jpg,8.84041690826416,49.0,20.530833333333334,10.43,16.44588327407837,56.25,31.1725,18.559791666666666,10.0,2,Water,100,10,4,0,3.0,3,No,0.16657723349785322,0.20680248125835693,0.10789004111709234,17.88098757520038
17,9,17.5.jpg,17.368391036987305,76.0,33.410833333333336,16.296666666666667,26.892809867858887,80.0,46.297083333333326,32.00395833333334,10.0,2,Water,100,10,4,0,3.0,3,No,0.23737815982709853,0.3365398336279297,0.16857603420308867,27.51207004750715
18,1,18.5.jpg,-3.086008310317993,2.0,0.005,0.0,-2.9030749201774597,1.25,0.02041666666666667,0.0,7.5,2,Trichoderma,100,10,4,500,6.0,4,Yes,0.06756169469268135,5.0363879025455275e-05,0.0,3.0425426357268064
18,2,18.5.jpg,-2.7603795528411865,9.0,7.611607142857142,0.0,-7.574701428413391,1.0,1.9877232142857142,0.0,7.5,2,Trichoderma,100,10,4,500,6.0,4,Yes,0.07026512898091962,0.07667001226642967,0.0,6.612081356130719
18,3,18.5.jpg,7.127310276031494,32.0,27.27790178571429,0.0,-1.9040987491607666,7.75,7.7890625,0.0,7.5,2,Trichoderma,100,10,4,500,6.0,4,Yes,0.15235468373022082,0.2747641891207929,0.0,19.22034927829562
18,4,18.5.jpg,78.0467300415039,169.0,70.95847176079734,60.001661129568106,17.650529623031616,72.0,25.26827242524917,18.80730897009967,7.5,2,Trichoderma,100,10,4,500,6.0,4,Yes,0.7411417201749282,0.7147487775183963,0.6206693850779429,71.72176624697903
18,5,18.5.jpg,21.81228256225586,67.0,43.240833333333335,33.163333333333334,21.3631854057312,62.0,43.840833333333336,34.04333333333334,7.5,2,Trichoderma,100,10,4,500,6.0,4,Yes,0.27427222537497387,0.43555521979197476,0.34304826432532814,35.37271767576597
18,6,18.5.jpg,21.77739143371582,61.0,43.1575,38.75083333333333,19.686256170272827,57.25,43.955625,36.280833333333334,7.5,2,Trichoderma,100,10,4,500,6.0,4,Yes,0.2739825523314092,0.43471582180821716,0.40084650063805616,35.89989184266375
18,7,18.5.jpg,39.429290771484375,75.0,73.59750000000001,59.09166666666666,35.519139766693115,70.75,67.12083333333334,57.038125,7.5,2,Trichoderma,100,10,4,500,6.0,4,Yes,0.4205321086176134,0.741331117315189,0.6112562172909091,58.396407339885194
18,8,18.5.jpg,97.93856811523438,144.0,98.15166666666667,96.6725,19.64571237564087,61.25,43.47395833333333,32.88875,7.5,2,Trichoderma,100,10,4,500,6.0,4,Yes,0.9062876904550158,0.9886597332293622,0.9999999999896557,95.27263406569358
18,9,18.5.jpg,24.560049057006836,83.0,42.641666666666666,38.36333333333333,21.324899673461914,67.75,43.483124999999994,31.3725,7.5,2,Trichoderma,100,10,4,500,6.0,4,Yes,0.29708472576818984,0.4295199482887577,0.3968381218333703,36.66559155089635
19,1,19.5.jpg,-3.4930334091186523,1.0,0.006666666666666667,0.0008333333333333334,-3.223425030708313,1.5,0.03,0.0004166666666666667,10.0,0,Trichoderma,100,6,3,0,6.0,4,No,0.06418249189499954,6.715183870060703e-05,8.620169472442661e-06,2.891320169711231
19,2,19.5.jpg,-3.7771875858306885,9.0,6.2767857142857135,0.0,-4.706364374607801,9.0,7.131138392857142,0.0,10.0,0,Trichoderma,100,6,3,0,6.0,4,No,0.061823387771574104,0.0632246552765983,0.0,5.627161937167759
19,3,19.5.jpg,2.3510491847991943,21.0,19.745535714285715,0.0,2.357845902442932,23.75,20.797154017857142,0.0011160714285714285,10.0,0,Trichoderma,100,6,3,0,6.0,4,No,0.11270122037007686,0.19889235440141848,0.0,14.02171086471729
19,4,19.5.jpg,41.70228576660156,146.0,50.07225913621263,26.543189368770765,12.689836263656616,46.0,24.475705980066447,7.720099667774086,10.0,0,Trichoderma,100,6,3,0,6.0,4,No,0.43940296220686215,0.5043666403334921,0.2745681488375308,45.21531360269125
19,5,19.5.jpg,16.788042068481445,49.0,39.49083333333333,30.37166666666667,26.307873249053955,71.25,48.507708333333326,36.283125,10.0,0,Trichoderma,100,6,3,0,6.0,4,No,0.23255998801463446,0.39778231052288326,0.31417069659264524,31.507110400114748
19,6,19.5.jpg,18.593666076660156,55.0,42.30583333333333,35.663333333333334,23.965731143951416,63.75,46.993125000000006,40.07125,10.0,0,Trichoderma,100,6,3,0,6.0,4,No,0.24755063531864058,0.4261371744142146,0.3689087727426561,34.005039165405044
19,7,19.5.jpg,47.34049987792969,86.0,72.97416666666666,67.61749999999999,44.29370594024658,80.5,74.16083333333333,64.73895833333333,10.0,0,Trichoderma,100,6,3,0,6.0,4,No,0.486212529860232,0.7350524203966821,0.6994491711634698,61.95141447319583
19,8,19.5.jpg,58.189292907714844,115.0,77.55833333333332,64.50833333333334,71.55490303039551,123.25,82.94874999999999,76.37375,10.0,0,Trichoderma,100,6,3,0,6.0,4,No,0.5762813532957991,0.7812277034831869,0.6672873188617865,67.76078074367224
20,1,20.5.jpg,-2.558166742324829,2.0,0.505,0.0,-2.8707082867622375,1.75,0.03854166666666666,0.00020833333333333335,5.0,2,Water,70,6,4,0,6.0,4,Yes,0.07194393969071967,0.005086751781570983,0.0,3.4663811162530798
20,2,20.5.jpg,-4.911283493041992,10.0,7.5078125,0.0011160714285714285,-3.800750494003296,10.0,10.266741071428573,0.0,5.0,2,Water,70,6,4,0,6.0,4,Yes,0.05240789945456295,0.07562451209916018,1.1544869829164278e-05,5.761573968615833
20,3,20.5.jpg,0.8185379505157471,15.0,19.589285714285715,0.0,-0.8114452362060547,17.0,17.54547991071429,0.0,5.0,2,Water,70,6,4,0,6.0,4,Yes,0.09997800928154969,0.19731848318187298,0.0,13.37834216085402
20,4,20.5.jpg,46.498863220214844,156.0,47.57475083056478,33.015780730897006,13.862821817398071,55.5,19.838455149501662,11.430440199335548,5.0,2,Water,70,6,4,0,6.0,4,Yes,0.4792250960219702,0.47920979909934847,0.3415219501984068,46.54478978244341
20,5,20.5.jpg,19.10004997253418,56.0,41.219166666666666,29.825833333333335,19.50017499923706,55.5,42.69354166666666,31.081875,5.0,2,Water,70,6,4,0,6.0,4,Yes,0.25175473448274777,0.41519142470601567,0.3085244855881953,33.0978220193763
20,6,20.5.jpg,20.82892417907715,63.0,42.785000000000004,34.81916666666667,18.591808319091797,55.25,42.630625,35.203958333333325,5.0,2,Water,70,6,4,0,6.0,4,Yes,0.2661081897679491,0.4309637128208208,0.3601765410670717,34.97000102716536
20,7,20.5.jpg,38.27932357788086,77.0,71.005,58.265833333333326,28.633312225341797,62.75,62.81270833333333,53.490833333333335,5.0,2,Water,70,6,4,0,6.0,4,Yes,0.410984853744836,0.7152174460404903,0.6027136293437183,56.706239783776866
20,8,20.5.jpg,76.30176544189453,130.0,83.58583333333334,80.34083333333332,65.46943664550781,115.25,84.28583333333333,72.01479166666668,5.0,2,Water,70,6,4,0,6.0,4,Yes,0.7266546792670564,0.8419413596483735,0.8310619186687244,78.8974409378816
21,1,21.5.jpg,-0.5387416481971741,4.0,3.6991666666666667,0.0,-1.6672333627939224,2.5,1.079375,0.00125,7.5,1,Trichoderma,85,8,3,250,4.5,3,Yes,0.0887096058569899,0.037260876498999326,0.0,5.6686717060195155
21,2,21.5.jpg,-4.278749942779541,9.0,7.8984375,0.0,-5.801794141530991,9.0,6.419363839285714,0.0,7.5,1,Trichoderma,85,8,3,250,4.5,3,Yes,0.05765931797635121,0.07955919014802387,0.0,6.174832865596878
21,3,21.5.jpg,4.5234150886535645,28.0,27.20870535714286,0.0011160714285714285,-1.4067243337631226,18.25,17.762276785714285,0.0005580357142857143,7.5,1,Trichoderma,85,8,3,250,4.5,3,Yes,0.13073663135953142,0.27406718900927995,1.1544869829164278e-05,18.216287365294807
21,4,21.5.jpg,54.76581573486328,147.0,62.2890365448505,50.715116279069775,17.23324489593506,68.5,26.85568936877076,17.997923588039868,7.5,1,Trichoderma,85,8,3,250,4.5,3,Yes,0.5478589693337587,0.6274235002314026,0.5246074765682606,58.133785896114865
21,5,21.5.jpg,1.4015916585922241,7.0,6.3175,0.40499999999999997,11.91877681016922,36.5,25.383333333333333,15.961249999999998,7.5,1,Trichoderma,85,8,3,250,4.5,3,Yes,0.1048186363763808,0.06363476114866273,0.004189402363607133,7.622296912263031
21,6,21.5.jpg,4.750649929046631,14.0,11.785,7.066666666666667,19.798012495040894,55.25,38.43270833333333,31.72875,7.5,1,Trichoderma,85,8,3,250,4.5,3,Yes,0.1326231799056767,0.11870766286299808,0.07309903712631377,12.040878295853503
21,7,21.5.jpg,7.298616886138916,42.0,19.0075,11.1275,31.434319257736206,68.75,56.255208333333336,46.73958333333333,7.5,1,Trichoderma,85,8,3,250,4.5,3,Yes,0.15377690505721545,0.19145828611526822,0.11510512296552684,16.686634832417035
21,8,21.5.jpg,37.86505126953125,80.0,69.73166666666667,50.95166666666666,57.09029579162598,106.75,80.69791666666666,67.15354166666665,7.5,1,Trichoderma,85,8,3,250,4.5,3,Yes,0.40754548318144307,0.7023914448486744,0.5270544018840891,55.217705780196184
22,1,22.5.jpg,-1.6359083652496338,3.0,0.2225,0.0016666666666666668,-1.6578979194164276,2.75,1.8452083333333333,0.0004166666666666667,10.0,2,Trichoderma,70,6,4,500,4.5,2,No,0.07960071097382004,0.0022411926166327595,1.7240338944885323e-05,3.6830580649598246
22,2,22.5.jpg,-3.587712049484253,8.0,5.222098214285714,0.0011160714285714285,-5.1588477194309235,8.25,7.207868303571429,0.0,10.0,2,Trichoderma,70,6,4,500,4.5,2,No,0.06339645111435266,0.05260102454466634,1.1544869829164278e-05,5.220001853354147
22,3,22.5.jpg,1.8420089483261108,21.0,23.806919642857142,0.0,-2.5828461050987244,17.5,12.744140625,0.00027901785714285713,10.0,2,Trichoderma,70,6,4,500,4.5,2,No,0.10847506774142805,0.23980176417231838,0.0,15.672457436118592
22,4,22.5.jpg,45.650299072265625,133.0,53.81395348837209,38.74916943521595,16.7842378616333,63.5,27.646387043189367,15.614410299003321,10.0,2,Trichoderma,70,6,4,500,4.5,2,No,0.4721801487909229,0.5420558886739698,0.4008292889375481,49.648914575295656
22,5,22.5.jpg,16.763282775878906,56.0,35.05916666666667,23.993333333333332,13.296731054782867,44.0,30.071041666666666,18.84979166666667,10.0,2,Trichoderma,70,6,4,500,4.5,2,No,0.2323544314750558,0.3531431257466548,0.2481919194505691,28.82930926948266
22,6,22.5.jpg,16.685874938964844,56.0,38.33,31.025833333333335,9.808920860290527,33.0,24.633541666666666,17.663541666666667,10.0,2,Trichoderma,70,6,4,500,4.5,2,No,0.23171177631734377,0.3860894966091401,0.32093752962851274,31.010432577976903
22,7,22.5.jpg,22.04152488708496,60.0,52.645833333333336,41.95583333333333,15.048127055168152,50.5,36.280625,26.944166666666668,10.0,2,Trichoderma,70,6,4,500,4.5,2,No,0.2761754404535825,0.5302896762388561,0.4339996724290706,40.63092697545045
22,8,22.5.jpg,22.350025177001953,75.0,58.21083333333333,12.499166666666667,75.25593566894531,123.75,88.8175,79.35895833333333,10.0,2,Trichoderma,70,6,4,500,4.5,2,No,0.2787366708195843,0.5863446735941878,0.1292939219171675,40.22159971779142
