box_id,visual_growth_index,growth_category
4,94.99999775691832,Higher visual growth
15,77.64203127894018,Higher visual growth
2,67.10267210360496,Moderate visual growth
9,63.67562592718148,Moderate visual growth
17,62.35289997109652,Moderate visual growth
1,54.816213821031,Moderate visual growth
22,53.1335784710921,Moderate visual growth
11,50.90904775630653,Moderate visual growth
20,49.270754572347,Moderate visual growth
7,48.003680943497294,Moderate visual growth
18,47.40136354659696,Moderate visual growth
12,45.38312529399166,Moderate visual growth
3,42.93585747852177,Lower visual growth
5,35.82682012560202,Lower visual growth
13,33.22923293992756,Lower visual growth
6,30.8237140458694,Lower visual growth
14,29.285616477208983,Lower visual growth
16,26.915650568237727,Lower visual growth
8,24.845598993565314,Lower visual growth
10,20.32220451033295,Lower visual growth
21,20.315366032940503,Lower visual growth
19,4.7852204654901325,Lower visual growth
